disease,piRNA,label,pre_score,pre_label
cardiovascular diseases ,3363,,0.99986374,1
,3021,,0.9998258,1
,4124,,0.99979967,1
,4063,,0.9997906,1
,253,,0.99977845,1
,2666,,0.99976295,1
,2011,,0.9997564,1
,3096,,0.9997545,1
,3848,,0.9997403,1
,3196,,0.9997329,1
,305,,0.9997327,1
,87,,0.9997247,1
,3241,,0.999723,1
,2817,,0.9997224,1
,2943,,0.9997211,1
,2563,,0.99972016,1
,3784,,0.99971575,1
,2426,,0.99970454,1
,3177,,0.9996928,1
,111,,0.9996847,1
